Player,Team,Pos,Age,G,AB,R,H,2B,3B,HR,RBI,BB,SO,AVG
Whit Merrifield,KC,2B,31,162,681,105,206,41,10,16,74,45,126,.302
Marcus Semien,OAK,SS,29,162,657,123,187,43,7,33,92,87,102,.285
Rafael Devers,BOS,3B,23,156,647,129,201,54,4,32,115,48,119,.311
Jonathan Villar,BAL,2B,28,162,642,111,176,33,5,24,73,61,176,.274
Ozzie Albies,ATL,2B,23,160,640,102,189,43,8,24,86,54,112,.295
Eduardo Escobar,ARI,2B,31,158,636,94,171,29,10,35,118,50,130,.269
Starlin Castro,MIA,2B,29,162,636,68,172,31,4,22,86,28,111,.270
Jose Abreu,CWS,1B,33,159,634,85,180,38,1,33,123,36,152,.284
Jorge Polanco,MIN,SS,26,153,631,107,186,40,7,22,79,60,116,.295
Ronald Acuna,ATL,OF,22,156,626,127,175,22,2,41,101,76,188,.280
Eric Hosmer,SD,1B,30,160,619,72,164,29,2,22,99,40,163,.265
Amed Rosario,NYM,SS,24,157,616,75,177,30,7,15,72,31,124,.287
Xander Bogaerts,BOS,SS,27,155,614,110,190,52,0,33,117,76,122,.309
Cesar Hernandez,PHI,2B,29,161,612,77,171,31,3,14,71,45,100,.279
DJ LeMahieu,NYY,2B,31,145,602,109,197,33,2,26,102,46,90,.327
Trey Mancini,BAL,1B,27,154,602,106,175,38,2,35,97,63,143,.291
Elvis Andrus,TEX,SS,31,147,600,81,165,27,4,12,72,34,96,.275
Francisco Lindor,CLE,SS,26,143,598,101,170,40,2,32,74,46,98,.284
Paul Goldschmidt,STL,1B,32,161,597,97,155,25,1,34,97,78,166,.260
Freddie Freeman,ATL,1B,30,158,597,113,176,34,2,38,121,87,127,.295
Mookie Betts,BOS,OF,27,150,597,135,176,40,5,29,80,97,101,.295
Pete Alonso,NYM,1B,25,161,597,103,155,30,2,53,120,72,183,.260
David Fletcher,LAA,2B,25,154,596,83,173,30,4,6,49,55,64,.290
Kevin Pillar,SF,OF,31,156,595,82,157,37,3,21,87,18,86,.264
Jorge Soler,KC,OF,28,162,589,95,156,33,1,48,117,73,178,.265
Trevor Story,COL,SS,27,145,588,111,173,38,5,35,85,58,174,.294
Nolan Arenado,COL,3B,28,155,588,102,185,31,2,41,118,62,93,.315
Manny Machado,SD,SS,27,156,587,81,150,21,2,32,85,65,128,.256
Randal Grichuk,TOR,OF,28,151,586,75,136,29,5,31,80,35,163,.232
Paul DeJong,STL,SS,26,159,583,97,136,31,1,30,78,62,149,.233
Matt Chapman,OAK,3B,26,156,583,102,145,36,3,36,91,73,147,.249
Charlie Blackmon,COL,OF,33,140,580,112,182,42,7,32,86,40,104,.314
Leury Garcia,CWS,OF,28,140,577,93,161,27,3,8,40,21,139,.279
Jean Segura,PHI,SS,29,144,576,79,161,37,4,12,60,30,73,.280
J.D. Martinez,BOS,OF,32,146,575,98,175,33,2,36,105,72,138,.304
Michael Brantley,HOU,OF,32,148,575,88,179,40,2,22,90,51,66,.311
Eugenio Suarez,CIN,3B,28,159,575,87,156,22,2,49,103,70,189,.271
Carlos Santana,CLE,1B,33,158,573,110,161,30,1,34,93,108,108,.281
Bryce Harper,PHI,OF,27,157,573,98,149,36,1,35,114,99,178,.260
Rhys Hoskins,PHI,1B,26,160,570,86,129,33,5,29,85,116,173,.226
Ketel Marte,ARI,2B,26,144,569,97,187,36,9,32,92,53,86,.329
Tommy Pham,TB,OF,32,145,567,77,155,33,2,21,68,81,123,.273
Adam Eaton,WAS,OF,31,151,566,103,158,25,7,15,49,65,106,.279
Yuli Gurriel,HOU,1B,35,144,564,85,168,40,2,31,104,37,65,.298
Shin-Soo Choo,TEX,OF,37,151,563,93,149,31,2,24,61,78,165,.265
Lorenzo Cain,MIL,OF,33,148,562,75,146,30,0,11,48,50,106,.260
Eddie Rosario,MIN,OF,28,137,562,91,155,28,1,32,109,22,86,.276
Cody Bellinger,LAD,1B,24,156,558,121,170,34,3,47,115,95,108,.305
Nick Ahmed,ARI,SS,29,158,556,79,141,33,6,19,82,52,113,.254
Alex Gordon,KC,OF,36,150,556,77,148,31,1,13,76,51,100,.266
Alex Bregman,HOU,SS,25,156,554,122,164,37,2,41,112,119,83,.296
Adam Frazier,PIT,2B,28,152,554,80,154,33,7,10,50,40,75,.278
Kole Calhoun,LAA,OF,32,152,552,92,128,29,1,33,74,70,162,.232
Michael Conforto,NYM,OF,27,151,549,90,141,29,1,33,92,84,149,.257
Josh Donaldson,ATL,3B,34,155,549,96,142,33,0,37,94,100,155,.259
Gleyber Torres,NYY,2B,23,144,546,96,152,26,0,38,90,48,129,.278
Victor Robles,WAS,OF,22,155,546,86,139,33,3,17,65,35,140,.255
Anthony Rendon,WAS,3B,29,146,545,117,174,44,3,34,126,80,86,.319
Kris Bryant,CHC,3B,28,147,543,108,153,35,1,31,77,74,145,.282
Juan Soto,WAS,OF,21,150,542,110,153,32,5,34,110,108,132,.282
Andrew Benintendi,BOS,OF,25,138,541,72,144,40,5,13,68,59,140,.266
Renato Nunez,BAL,1B,25,151,541,72,132,24,0,31,90,44,143,.244
Starling Marte,PIT,OF,31,132,539,97,159,31,6,23,82,25,94,.295
J.T. Realmuto,PHI,C,28,145,538,92,148,36,3,25,83,41,123,.275
Javier Baez,CHC,SS,27,138,531,89,149,38,4,29,85,28,156,.281
Willy Adames,TB,SS,24,152,531,69,135,25,1,20,52,46,153,.254
Austin Meadows,TB,OF,24,138,530,83,154,29,7,33,89,54,131,.291
Christian Walker,ARI,1B,28,152,529,86,137,26,1,29,73,67,155,.259
Kyle Schwarber,CHC,OF,27,155,529,82,132,29,3,38,92,70,156,.250
Josh Bell,PIT,1B,27,143,527,94,146,37,3,37,116,74,118,.277
Brandon Belt,SF,1B,31,156,526,76,123,32,3,17,57,83,127,.234
Joey Votto,CIN,1B,36,142,525,79,137,32,1,15,47,76,123,.261
Max Kepler,MIN,OF,27,134,524,98,132,32,0,36,90,60,99,.252
Hanser Alberto,BAL,2B,27,139,524,62,160,21,2,12,51,16,50,.305
Hunter Dozier,KC,3B,28,139,523,75,146,29,10,26,84,55,148,.279
Mike Moustakas,MIL,2B,31,143,523,80,133,30,1,35,87,53,98,.254
Rougned Odor,TEX,2B,26,145,522,77,107,30,1,30,93,52,178,.205
Trea Turner,WAS,SS,26,122,521,96,155,37,5,19,57,43,113,.298
Jason Heyward,CHC,OF,30,147,513,78,129,20,4,21,62,68,110,.251
Yasmani Grandal,MIL,C,31,153,513,79,126,26,2,28,77,109,139,.246
Anthony Rizzo,CHC,1B,30,146,512,89,150,29,3,27,94,71,86,.293
Yoan Moncada,CWS,3B,24,132,511,83,161,34,5,25,79,40,154,.315
Mallex Smith,SEA,OF,26,134,510,70,116,19,9,6,37,42,141,.227
Jeff McNeil,NYM,2B,27,133,510,83,162,38,1,23,75,35,75,.318
Jose Iglesias,CIN,SS,30,146,504,62,145,21,3,11,59,20,70,.288
Josh Reddick,HOU,OF,33,141,501,57,138,19,3,14,56,36,66,.275
Brandon Crawford,SF,SS,33,147,500,58,114,24,2,11,59,53,117,.228
Jose Altuve,HOU,2B,29,124,500,89,149,27,3,31,74,41,82,.298
Tim Anderson,CWS,SS,26,123,498,81,167,32,0,18,56,15,109,.335
Yolmer Sanchez,CWS,2B,27,149,496,59,125,20,4,2,43,44,117,.252
Orlando Arcia,MIL,SS,25,152,494,51,110,16,1,15,59,43,109,.223
Jackie Bradley,BOS,OF,29,147,494,69,111,28,3,21,62,56,155,.225
Miguel Cabrera,DET,1B,36,136,493,41,139,21,0,12,59,48,108,.282
Kevin Newman,PIT,2B,26,130,493,61,152,20,6,12,64,28,62,.308
Albert Pujols,LAA,1B,40,131,491,55,120,22,0,23,93,43,68,.244
Brett Gardner,NYY,OF,36,141,491,86,123,26,7,28,74,52,108,.251
Bryan Reynolds,PIT,OF,25,134,491,83,154,37,4,16,68,46,121,.314
Avisail Garcia,TB,OF,28,125,489,61,138,25,2,20,72,31,125,.282
Christian Yelich,MIL,OF,28,130,489,100,161,29,3,44,97,80,118,.329
Corey Seager,LAD,SS,25,134,489,82,133,44,1,19,87,44,98,.272
Max Muncy,LAD,2B,29,141,487,101,122,22,1,35,98,90,149,.251
Dexter Fowler,STL,OF,33,150,487,69,116,24,1,19,67,74,142,.238
Adam Jones,ARI,OF,34,137,485,66,126,25,1,16,67,31,101,.260
Marcell Ozuna,STL,OF,29,130,485,80,117,23,1,29,89,62,114,.241
Miguel Rojas,MIA,SS,31,132,483,52,137,29,1,5,46,32,62,.284
Dansby Swanson,ATL,SS,26,127,483,77,121,26,3,17,65,51,124,.251
Matt Olson,OAK,1B,25,127,483,73,129,26,0,36,91,51,138,.267
Christian Vazquez,BOS,C,29,138,482,66,133,26,1,23,72,33,101,.276
Jose Ramirez,CLE,3B,27,129,482,68,123,33,3,23,83,52,74,.255
Khris Davis,OAK,DH,32,133,481,61,106,11,0,23,73,47,146,.220
Ryan McMahon,COL,2B,25,141,480,70,120,22,1,24,83,56,160,.250
George Springer,HOU,OF,30,122,479,96,140,20,3,39,96,67,113,.292
Justin Turner,LAD,3B,35,135,479,80,139,24,0,27,67,51,88,.290
Kolten Wong,STL,2B,29,148,478,61,136,25,4,11,59,47,83,.285
Danny Santana,TEX,1B,29,130,474,81,134,23,6,28,81,25,151,.283
Wilson Ramos,NYM,C,32,141,473,52,136,19,0,14,73,44,69,.288
Mike Trout,LAA,OF,28,134,470,110,137,27,2,45,104,110,120,.291
Eloy Jimenez,CWS,OF,23,122,468,69,125,18,2,31,79,30,134,.267
Colin Moran,PIT,3B,27,149,466,46,129,30,1,13,80,30,117,.277
Vladimir Guerrero,TOR,3B,20,123,464,52,126,26,2,15,69,46,91,.272
Daniel Vogelbach,SEA,1B,27,144,462,73,96,17,0,30,76,92,149,.208
Brian Anderson,MIA,3B,26,126,459,57,120,33,1,20,66,44,114,.261
Ryan Braun,MIL,OF,36,144,459,70,131,31,2,22,75,34,105,.285
Jurickson Profar,OAK,2B,27,139,459,65,100,24,2,20,67,48,75,.218
C.J. Cron,MIN,1B,30,125,458,51,116,24,0,25,78,29,107,.253
Jason Kipnis,CLE,2B,32,121,458,52,112,23,1,17,65,40,88,.245
Scott Kingery,PHI,3B,25,126,458,64,118,34,4,19,55,34,147,.258
Nelson Cruz,MIN,DH,39,120,454,81,141,26,0,41,108,56,131,.311
Evan Longoria,SF,3B,34,129,453,59,115,19,2,20,69,43,112,.254
Domingo Santana,SEA,OF,27,121,451,63,114,20,1,21,69,50,164,.253
Freddy Galvis,TOR,2B,30,115,450,55,120,24,1,18,54,21,112,.267
Joc Pederson,LAD,1B,27,149,450,83,112,16,3,36,74,50,111,.249
Todd Frazier,NYM,3B,34,133,447,63,112,19,2,21,67,40,106,.251
Kevin Kiermaier,TB,OF,29,129,447,60,102,20,7,14,55,26,104,.228
Ian Desmond,COL,OF,34,140,443,64,113,31,4,20,65,34,119,.255
Gio Urshela,NYY,3B,28,132,442,73,139,34,0,21,74,25,87,.314
Hunter Renfroe,SD,OF,28,140,440,64,95,19,1,33,64,46,154,.216
James McCann,CWS,C,29,118,439,62,120,26,1,18,60,30,137,.273
Daniel Murphy,COL,1B,34,132,438,56,122,35,1,13,78,32,74,.279
Oscar Mercado,CLE,OF,25,115,438,70,118,25,3,15,54,28,84,.269
Wil Myers,SD,OF,29,155,435,58,104,22,1,18,53,51,168,.239
Ramon Laureano,OAK,OF,25,123,434,79,125,29,0,24,67,27,123,.288
Jonathan Schoop,MIN,2B,28,121,433,61,111,23,1,23,59,20,116,.256
Jorge Alfaro,MIA,C,26,130,431,44,113,14,1,18,57,22,154,.262
Nomar Mazara,TEX,OF,24,116,429,69,115,27,1,19,66,28,108,.268
Luke Voit,NYY,1B,29,118,429,72,113,21,1,21,62,71,142,.263
Omar Narvaez,SEA,C,28,132,428,63,119,12,0,22,55,47,92,.278
Raimel Tapia,COL,OF,26,138,426,54,117,23,5,9,44,21,100,.275
Marwin Gonzalez,MIN,3B,30,114,425,52,112,19,0,15,55,31,98,.264
Niko Goodrum,DET,2B,28,112,423,61,105,27,5,12,45,46,138,.248
Harold Ramirez,MIA,OF,25,119,421,54,116,20,3,11,50,18,91,.276
Robbie Grossman,OAK,OF,30,138,420,57,101,21,3,6,38,59,86,.240
Yadier Molina,STL,C,37,113,419,45,113,24,0,10,57,23,58,.270
Brandon Drury,TOR,3B,27,120,418,43,91,21,1,15,41,25,113,.218
Teoscar Hernandez,TOR,OF,27,125,417,58,96,19,2,26,65,45,153,.230
Brian Dozier,WAS,2B,32,135,416,54,99,20,0,20,50,61,105,.238
Matt Carpenter,STL,3B,34,129,416,59,94,20,2,15,46,63,129,.226
Adalberto Mondesi,KC,SS,24,102,415,58,109,20,10,9,62,19,132,.263
Enrique Hernandez,LAD,2B,28,130,414,57,98,19,1,17,64,36,97,.237
Nick Markakis,ATL,OF,36,116,414,61,118,25,2,9,62,47,59,.285
Justin Smoak,TOR,1B,33,121,414,54,86,16,0,22,61,79,106,.208
Brian Goodwin,LAA,OF,29,136,413,65,108,29,3,17,47,38,129,.262
Ji-Man Choi,TB,1B,28,127,410,54,107,20,2,19,63,64,108,.261
Mark Canha,OAK,OF,31,126,410,80,112,16,3,26,58,67,107,.273
J.D. Davis,NYM,3B,26,140,410,65,126,22,1,22,57,38,97,.307
Buster Posey,SF,C,32,114,405,43,104,24,0,7,38,34,71,.257
Nick Castellanos,DET,OF,28,100,403,57,110,37,3,11,37,31,96,.273
Jarrod Dyson,ARI,OF,35,130,400,65,92,11,2,7,27,47,86,.230
Andrelton Simmons,LAA,SS,30,103,398,47,105,19,0,7,40,24,37,.264
Manuel Margot,SD,OF,25,151,398,59,93,19,3,12,37,38,88,.234
Gary Sanchez,NYY,C,27,106,396,62,92,12,1,34,77,40,125,.232
Eric Thames,MIL,1B,33,149,396,67,98,23,2,25,61,51,140,.247
Dee Gordon,SEA,2B,31,117,393,36,108,12,6,3,34,18,61,.275
Kyle Seager,SEA,3B,32,106,393,55,94,19,1,23,63,44,86,.239
Brandon Dixon,DET,1B,28,118,391,41,97,20,4,15,52,21,136,.248
Robinson Cano,NYM,2B,37,107,390,46,100,28,0,13,39,25,69,.256
Roberto Perez,CLE,C,31,119,389,46,93,9,1,24,63,45,127,.239
Maikel Franco,PHI,3B,27,123,389,48,91,17,0,17,56,36,61,.234
David Peralta,ARI,OF,32,99,382,48,105,29,3,12,57,35,87,.275
Garrett Cooper,MIA,1B,29,107,381,52,107,16,1,15,50,33,110,.281
Anthony Santander,BAL,OF,25,93,380,46,99,20,1,20,59,19,86,.261
Miguel Sano,MIN,3B,26,105,380,76,94,19,2,34,79,55,159,.247
Nicky Lopez,KC,2B,25,103,379,44,91,22,2,2,30,18,51,.240
Melky Cabrera,PIT,OF,35,133,378,43,106,22,1,7,47,17,41,.280
Aaron Judge,NYY,OF,27,102,378,75,103,18,1,27,55,64,141,.272
Jose Peraza,CIN,2B,25,141,376,37,90,18,2,6,33,17,58,.239
Nick Senzel,CIN,OF,24,104,375,55,96,20,4,12,42,30,101,.256
David Dahl,COL,OF,25,100,374,67,113,28,5,15,61,28,110,.302
Yasiel Puig,CIN,OF,29,100,373,51,94,15,1,22,61,23,89,.252
Jake Bauers,CLE,1B,24,117,372,46,84,16,1,12,43,45,115,.226
Mike Yastrzemski,SF,OF,29,107,371,64,101,22,3,21,55,32,107,.272
Rowdy Tellez,TOR,1B,24,111,370,49,84,19,0,21,54,29,116,.227
Rio Ruiz,BAL,3B,25,127,370,35,86,13,2,12,46,40,88,.232
Christin Stewart,DET,OF,26,104,369,32,86,25,1,10,40,34,103,.233
Chris Taylor,LAD,2B,29,124,366,52,96,29,4,12,52,37,115,.262
Robinson Chirinos,HOU,C,35,114,366,57,87,22,1,17,58,51,125,.238
Willson Contreras,CHC,C,27,105,360,57,98,18,2,24,64,38,102,.272
Tony Wolters,COL,C,27,121,359,42,94,17,2,1,42,36,68,.262
Delino DeShields,TEX,OF,27,118,357,42,89,15,4,4,32,38,100,.249
Dwight Smith,BAL,OF,27,101,357,46,86,16,3,13,53,26,82,.241
Stephen Piscotty,OAK,OF,29,93,357,46,89,17,1,13,44,29,84,.249
Luis Rengifo,LAA,2B,23,108,357,44,85,18,3,7,33,40,93,.238
Harold Castro,DET,2B,26,97,354,30,103,10,4,5,38,9,86,.291
Cavan Biggio,TOR,2B,24,100,354,66,83,17,2,16,48,71,123,.234
Harrison Bader,STL,OF,25,128,347,54,71,14,3,12,39,46,117,.205
Michael Chavis,BOS,2B,24,95,347,46,88,10,1,18,58,31,127,.254
Danny Jansen,TOR,C,24,107,347,41,72,12,1,13,43,31,79,.207
J.P. Crawford,SEA,SS,25,93,345,43,78,21,4,7,46,43,83,.226
Joe Panik,SF,2B,29,103,344,33,81,17,1,3,27,36,38,.235
Alex Verdugo,LAD,OF,23,106,343,43,101,22,2,12,44,26,49,.294
Chad Pinder,OAK,2B,27,124,341,45,82,21,0,13,47,20,88,.240
Albert Almora,CHC,OF,25,130,339,41,80,11,1,12,32,16,62,.236
Jesse Winker,CIN,OF,26,113,338,51,91,17,2,16,38,38,60,.269
Neil Walker,MIA,1B,34,115,337,37,88,19,1,8,38,42,77,.261
Jeimer Candelario,DET,1B,26,94,335,33,68,17,2,8,32,43,99,.203
Jose Martinez,STL,OF,31,128,334,45,90,13,2,10,42,35,82,.269
Howie Kendrick,WAS,2B,36,121,334,61,115,23,1,17,62,27,49,.344
Fernando Tatis,SD,SS,21,84,334,61,106,13,6,22,53,30,110,.317
Stevie Wilkerson,BAL,OF,28,119,329,41,74,18,2,10,35,22,108,.225
Ryan O'Hearn,KC,1B,26,105,328,32,64,13,1,14,38,39,99,.195
Travis d'Arnaud,TB,C,31,92,327,50,86,16,0,16,67,30,80,.263
Luis Arraez,MIN,2B,22,92,326,54,109,20,1,4,28,36,29,.334
Tommy Edman,STL,2B,24,92,326,59,99,17,7,11,36,16,61,.304
Didi Gregorius,NYY,SS,30,82,324,47,77,14,2,16,61,17,53,.238
Asdrubal Cabrera,TEX,2B,34,93,323,45,76,15,0,12,51,38,85,.235
Franmil Reyes,SD,OF,24,99,321,43,82,9,0,27,46,29,93,.255
John Hicks,DET,C,30,95,319,29,67,15,0,13,35,13,109,.210
Curtis Granderson,MIA,OF,38,138,317,44,58,17,1,12,34,41,98,.183
Logan Forsythe,TEX,3B,33,101,317,38,72,17,1,7,39,44,100,.227
Tucker Barnhart,CIN,C,29,114,316,32,73,14,0,11,40,44,83,.231
Carson Kelly,ARI,C,25,111,314,46,77,19,0,18,47,48,79,.245
Josh Phegley,OAK,C,32,106,314,44,75,18,0,12,62,15,63,.239
Yan Gomes,WAS,C,32,97,314,36,70,16,0,12,43,38,84,.223
Keston Hiura,MIL,2B,23,84,314,51,95,23,2,19,49,25,107,.303
Lourdes Gurriel,TOR,OF,26,84,314,52,87,19,2,20,50,20,86,.277
Yordan Alvarez,HOU,DH,22,87,313,58,98,26,0,27,78,52,94,.313
Austin Hedges,SD,C,27,102,312,28,55,9,0,11,36,27,109,.176
Greg Garcia,SD,2B,30,134,311,52,77,13,4,4,31,53,83,.248
Ben Gamel,MIL,OF,27,134,311,47,77,18,0,7,33,40,104,.248
Mitch Garver,MIN,C,29,93,311,70,85,16,1,31,67,41,87,.273
Matt Adams,WAS,1B,31,111,310,42,70,14,0,20,56,20,115,.226
Cheslor Cuthbert,KC,1B,27,87,309,24,76,14,0,9,40,19,67,.246
Willie Calhoun,TEX,OF,25,83,309,51,83,14,1,21,48,23,53,.269
A.J. Pollock,LAD,OF,32,86,308,49,82,15,1,15,47,23,74,.266
Chris Davis,BAL,1B,33,105,307,26,55,9,0,12,36,39,139,.179
Yandy Diaz,TB,3B,28,79,307,53,82,20,1,14,38,35,61,.267
Pedro Severino,BAL,C,26,96,305,37,76,13,0,13,44,29,73,.249
Tim Beckham,SEA,SS,30,88,304,39,72,21,1,15,47,21,102,.237
Elias Diaz,PIT,C,29,101,303,31,73,14,0,2,28,23,56,.241
David Bote,CHC,2B,26,127,303,47,78,17,0,11,41,44,93,.257
Garrett Hampson,COL,2B,25,105,299,40,74,9,4,8,27,24,88,.247
JaCoby Jones,DET,OF,27,88,298,39,70,19,3,11,26,27,94,.235
Mitch Moreland,BOS,1B,34,91,298,48,75,17,1,19,58,34,74,.252
Brandon Lowe,TB,2B,25,82,296,42,80,17,2,17,51,25,113,.270
Tommy La Stella,LAA,2B,31,80,292,49,86,8,0,16,44,20,28,.295
Jake Marisnick,HOU,OF,28,120,292,46,68,16,3,10,34,17,95,.233
Eric Sogard,TOR,2B,33,73,287,45,86,17,2,10,30,29,47,.300
Hunter Pence,TEX,OF,36,83,286,53,85,17,1,18,59,26,69,.297
Richie Martin,BAL,SS,25,120,283,29,59,8,3,6,23,14,83,.208
Carlos Correa,HOU,SS,25,75,280,42,78,16,1,21,59,35,75,.279
Kurt Suzuki,WAS,C,36,85,280,37,74,11,0,17,63,20,36,.264
Brian McCann,ATL,C,36,85,277,28,69,9,0,12,45,31,53,.249
Ronny Rodriguez,DET,2B,27,84,276,29,61,12,3,14,43,13,82,.221
Victor Reyes,DET,OF,25,69,276,29,84,16,5,3,25,14,64,.304
Billy Hamilton,KC,OF,29,93,275,32,58,12,2,0,12,25,74,.211
Austin Riley,ATL,OF,22,80,274,41,62,11,1,18,49,16,108,.226
Tyler Naquin,CLE,OF,28,89,274,34,79,19,0,10,34,14,66,.288
Dawel Lugo,DET,3B,25,77,273,28,67,11,4,6,26,8,59,.245
Pablo Sandoval,SF,3B,33,108,272,42,73,23,0,14,41,18,67,.268
Tyler Flowers,ATL,C,34,85,271,36,62,11,3,11,34,31,105,.229
Byron Buxton,MIN,OF,26,87,271,48,71,30,4,10,46,19,68,.262
Mike Zunino,TB,C,28,90,266,30,44,10,1,9,32,20,98,.165
Wilmer Flores,ARI,2B,28,89,265,31,84,18,0,9,37,15,31,.317
Jose Osuna,PIT,1B,27,95,261,41,69,20,0,10,36,18,48,.264
Steven Duggar,SF,OF,26,73,261,26,61,12,2,4,28,16,78,.234
Mike Tauchman,NYY,OF,29,87,260,46,72,18,1,13,47,34,71,.277
Tom Murphy,SEA,C,28,76,260,32,71,12,1,18,40,19,87,.273
Brock Holt,BOS,2B,31,87,259,38,77,14,2,3,31,28,57,.297
Juan Lagares,NYM,OF,30,133,258,38,55,12,1,5,27,22,75,.213
Ian Kinsler,SD,2B,37,87,258,28,56,12,0,9,22,19,54,.217
Jordy Mercer,DET,SS,33,74,256,24,69,16,0,9,22,13,57,.270
Ronald Guzman,TEX,1B,25,87,256,34,56,20,0,10,36,32,87,.219
Jon Berti,MIA,SS,30,73,256,52,70,14,1,6,24,24,73,.273
Stephen Vogt,SF,C,35,99,255,30,67,24,2,10,40,20,66,.263
Josh Naylor,SD,OF,22,94,253,29,63,15,0,8,32,25,64,.249
Billy McKinney,TOR,OF,25,84,251,37,54,14,1,12,28,19,73,.215
Derek Dietrich,CIN,2B,30,113,251,41,47,8,2,19,43,28,74,.187
Matt Beaty,LAD,1B,26,99,249,36,66,19,1,9,46,17,33,.265
Dylan Moore,SEA,SS,27,113,247,31,51,14,2,9,28,25,93,.206
Mitch Haniger,SEA,OF,29,63,246,46,54,13,1,15,32,30,81,.220
Martin Prado,MIA,3B,36,104,245,26,57,9,0,2,15,12,41,.233
Victor Caratini,CHC,C,26,95,244,31,65,11,0,11,34,29,59,.266
Joey Gallo,TEX,OF,26,70,241,54,61,15,1,22,49,52,114,.253
Edwin Encarnacion,SEA,1B,37,65,241,48,58,7,0,21,49,41,55,.241
Jonathan Lucroy,LAA,C,33,74,240,28,58,8,1,7,30,21,39,.242
Cameron Maybin,NYY,OF,32,82,239,48,68,17,0,11,32,30,72,.285
Martin Maldonado,KC,C,33,74,238,26,54,15,0,6,17,17,55,.227
Joey Wendle,TB,2B,29,75,238,32,55,13,2,3,19,14,47,.231
Austin Nola,SEA,1B,30,79,238,37,64,12,1,10,31,23,63,.269
Jason Castro,MIN,C,32,79,237,39,55,9,0,13,30,33,88,.232
Leonys Martin,CLE,OF,32,65,236,32,47,7,0,9,19,21,78,.199
Phillip Ervin,CIN,OF,27,94,236,30,64,11,7,7,23,18,63,.271
Hernan Perez,MIL,2B,28,91,232,29,53,11,0,8,18,11,66,.228
Johan Camargo,ATL,SS,26,98,232,31,54,12,1,7,32,15,43,.233
Greg Allen,CLE,OF,26,89,231,30,53,9,3,4,27,11,53,.229
Travis Shaw,MIL,3B,29,86,230,22,36,5,0,7,16,36,89,.157
Welington Castillo,CWS,C,32,72,230,19,48,12,0,12,41,16,74,.209
Austin Romine,NYY,C,31,73,228,29,64,12,0,8,35,10,50,.281
Jeff Mathis,TEX,C,36,88,228,17,36,9,0,2,12,15,87,.158
Josh VanMeter,CIN,OF,25,95,228,33,54,13,1,8,23,29,56,.237
Adam Engel,CWS,OF,28,89,227,26,55,10,2,6,26,14,78,.242
Francisco Mejia,SD,C,24,79,226,27,60,11,2,8,22,13,56,.265
Lewis Brinson,MIA,OF,25,75,226,15,39,9,1,0,15,13,74,.173
Clint Frazier,NYY,OF,25,69,225,31,60,14,0,12,38,16,70,.267
Jordan Luplow,CLE,OF,26,85,225,42,62,15,1,15,38,33,61,.276
Gordon Beckham,DET,2B,33,83,223,29,48,13,2,6,15,13,68,.215
Jesus Aguilar,MIL,1B,29,94,222,26,50,9,0,8,34,31,59,.225
Adam Haseley,PHI,OF,23,67,222,30,59,14,0,5,26,14,60,.266
Aaron Hicks,NYY,OF,30,59,221,41,52,10,0,12,36,31,72,.235
Yonder Alonso,CWS,1B,32,67,219,23,39,6,0,7,27,29,53,.178
Justin Upton,LAA,OF,32,63,219,34,47,8,0,12,40,32,78,.215
Andrew McCutchen,PHI,OF,33,59,219,45,56,12,1,10,29,43,55,.256
Tyler White,HOU,1B,29,71,218,16,49,14,0,3,21,32,74,.225
Ryan Cordell,CWS,OF,27,97,217,22,48,8,0,7,24,19,69,.221
Addison Russell,CHC,2B,26,82,215,25,51,4,1,9,23,20,58,.237
Donovan Solano,SF,2B,32,81,215,27,71,13,1,4,23,10,49,.330
Luis Urias,SD,2B,22,71,215,27,48,8,1,4,24,25,56,.223
Tim Locastro,ARI,OF,27,91,212,38,53,12,2,1,17,14,44,.250
Nick Castellanos,CHC,OF,28,51,212,43,68,21,0,16,36,10,47,.321
Austin Barnes,LAD,C,30,75,212,28,43,12,1,5,25,23,56,.203
Aledmys Diaz,HOU,2B,29,69,210,36,57,12,1,9,40,26,28,.271
Russell Martin,LAD,C,37,83,209,29,46,5,0,6,20,30,60,.220
Grayson Greiner,DET,C,27,58,208,18,42,5,1,5,19,13,70,.202
Curt Casali,CIN,C,31,84,207,24,52,9,0,8,32,25,59,.251
Daniel Robertson,TB,2B,25,74,207,23,44,9,1,2,19,24,59,.213
Aristides Aquino,CIN,OF,25,56,205,31,53,8,0,19,47,16,60,.259
Guillermo Heredia,TB,OF,29,89,204,31,46,13,0,5,20,18,60,.225
Ehire Adrianza,MIN,SS,30,84,202,34,55,8,3,5,22,20,40,.272
Isiah Kiner-Falefa,TEX,C,24,65,202,23,48,12,1,1,21,14,49,.238
Ildemaro Vargas,ARI,2B,28,92,201,25,54,9,1,6,24,9,24,.269
Matt Joyce,ATL,OF,35,129,200,32,59,10,0,7,23,38,45,.295
Brandon Nimmo,NYM,OF,26,69,199,34,44,11,1,8,29,46,71,.221
Ender Inciarte,ATL,OF,29,65,199,30,49,11,2,5,24,26,41,.246
Jake Cave,MIN,OF,27,72,198,28,51,11,2,8,25,21,71,.258
Bo Bichette,TOR,SS,22,46,196,32,61,18,0,11,21,14,50,.311
Jacob Stallings,PIT,C,30,71,191,26,50,5,0,6,13,16,40,.262
Kevan Smith,LAA,C,31,67,191,21,48,12,0,5,20,16,37,.251
Willians Astudillo,MIN,C,28,58,190,28,51,9,0,4,21,5,8,.268
Gerardo Parra,WAS,OF,32,89,188,30,47,11,1,8,42,11,41,.250
Jake Lamb,ARI,3B,29,78,187,26,36,8,2,6,30,32,55,.193
Bubba Starling,KC,OF,27,56,186,26,40,7,0,4,12,9,56,.215
Ty France,SD,2B,25,69,184,20,43,8,1,7,24,9,49,.234
Kyle Farmer,CIN,2B,29,97,183,22,42,6,0,9,27,10,59,.230
Yasiel Puig,CLE,OF,29,49,182,25,54,15,1,2,23,21,44,.297
Isan Diaz,MIA,2B,23,49,179,17,31,5,2,5,23,19,59,.173
Austin Dean,MIA,OF,26,64,178,17,40,14,0,6,21,9,47,.225
Dominic Smith,NYM,1B,24,89,177,35,50,10,0,11,25,19,44,.282
Edwin Encarnacion,NYY,1B,37,44,177,33,44,11,0,13,37,17,48,.249
Mike Freeman,CLE,2B,32,75,177,27,49,8,0,4,24,22,61,.277
Franmil Reyes,CLE,OF,24,51,173,26,41,10,0,10,35,18,63,.237
Jung Ho Kang,PIT,3B,32,65,172,15,29,7,1,10,24,11,60,.169
Yairo Munoz,STL,3B,25,88,172,20,46,7,1,2,13,7,37,.267
Sandy Leon,BOS,C,31,65,172,14,33,3,0,5,19,13,47,.192
Ryan Zimmerman,WAS,1B,35,52,171,20,44,9,0,6,27,17,39,.257
Will Smith,LAD,C,24,54,170,30,43,9,0,15,42,18,52,.253
Travis Demeritte,DET,OF,25,48,169,24,38,7,2,3,10,14,63,.225
Ryon Healy,SEA,3B,28,47,169,24,40,16,0,7,26,13,40,.237
Austin Slater,SF,OF,27,68,168,20,40,9,3,5,21,22,59,.238
Matt Wieters,STL,C,33,67,168,15,36,4,0,11,27,12,47,.214
Daniel Descalso,CHC,2B,33,82,168,20,29,5,1,2,15,23,57,.173
Eduardo Nunez,BOS,2B,32,60,167,13,38,7,0,2,20,4,27,.228
Chance Sisco,BAL,C,25,59,167,29,35,7,0,8,20,22,61,.210
Jon Jay,CWS,OF,34,47,165,12,44,8,0,0,9,8,30,.267
Jay Bruce,SEA,OF,32,47,165,27,35,11,0,14,28,16,53,.212
Alex Avila,ARI,C,33,63,164,22,34,8,0,9,24,36,68,.207
Tony Kemp,HOU,2B,28,66,163,23,37,6,2,7,17,16,29,.227
David Freese,LAD,3B,36,79,162,35,51,13,0,11,29,23,44,.315
Manny Pina,MIL,C,32,76,158,10,36,8,0,7,25,16,50,.228
Kevin Plawecki,CLE,C,29,60,158,13,35,10,0,3,17,12,31,.222
Trent Grisham,MIL,OF,23,51,156,24,36,6,2,6,24,20,48,.231
Alex Dickerson,SF,OF,29,56,155,28,45,13,3,6,26,13,35,.290
Gregory Polanco,PIT,OF,28,42,153,23,37,8,1,6,17,12,49,.242
Shed Long,SEA,2B,24,42,152,21,40,12,1,5,15,16,40,.263
Nate Lowe,TB,1B,24,50,152,24,40,8,0,7,19,13,50,.263
Justin Bour,LAA,1B,31,52,151,18,26,5,0,8,26,17,52,.172
Ben Zobrist,CHC,2B,38,47,150,24,39,5,0,1,17,23,24,.260
Marco Hernandez,BOS,2B,27,61,148,18,37,7,0,2,11,3,42,.250
Matt Duffy,TB,3B,29,46,147,12,37,8,0,1,12,19,29,.252
Cole Tucker,PIT,SS,23,56,147,16,31,10,3,2,13,10,40,.211
Matt Thaiss,LAA,3B,24,53,147,17,31,7,0,8,23,17,52,.211
Jay Bruce,PHI,OF,32,51,145,16,32,6,0,12,31,3,29,.221
Chris Iannetta,COL,C,36,52,144,20,32,10,0,6,21,18,54,.222
Charlie Tilson,CWS,OF,27,54,144,16,33,5,0,1,12,10,38,.229
Ryan Goins,CWS,3B,32,52,144,13,36,6,1,2,10,17,44,.250
Sam Travis,BOS,1B,26,59,144,17,31,4,1,6,16,11,36,.215
Mike Ford,NYY,1B,27,50,143,30,37,7,0,12,25,17,28,.259
Pablo Reyes,PIT,OF,26,71,143,18,29,7,2,2,19,13,36,.203
Erik Gonzalez,PIT,SS,28,53,142,15,36,4,1,1,6,9,37,.254
Jose Rondon,CWS,2B,26,55,142,10,28,3,0,3,9,11,38,.197
Adeiny Hechavarria,NYM,SS,30,60,142,20,29,7,0,5,18,8,33,.204
Tyler O'Neill,STL,OF,24,60,141,18,37,6,0,5,16,10,53,.262
Ian Happ,CHC,OF,25,58,140,25,37,7,1,11,30,15,39,.264
Josh Rojas,ARI,OF,25,41,138,17,30,7,0,2,16,18,41,.217
Josh Harrison,DET,2B,32,36,137,10,24,7,1,1,8,6,27,.175
Andrew Knapp,PHI,C,28,74,136,12,29,9,0,2,8,18,51,.213
Tomas Nido,NYM,C,25,50,136,9,26,5,0,4,14,7,37,.191
Charlie Culberson,ATL,OF,30,108,135,14,35,5,2,5,20,6,44,.259
Mark Reynolds,COL,1B,36,78,135,13,23,7,0,4,20,22,57,.170
Chris Owings,KC,2B,28,41,135,9,18,4,1,2,9,8,55,.133
Corey Dickerson,PHI,OF,30,34,133,13,39,10,2,8,34,3,33,.293
Meibrys Viloria,KC,C,23,42,133,7,28,7,0,1,15,10,44,.211
JT Riddle,MIA,OF,28,51,132,15,25,6,0,6,12,5,42,.189
Mike Brosseau,TB,2B,25,51,132,17,36,7,0,6,16,7,39,.273
Wilmer Difo,WAS,SS,27,43,131,15,33,2,0,2,8,12,29,.252
Tyler Austin,SF,1B,28,70,130,24,24,2,1,8,20,17,57,.185
Corey Dickerson,PIT,OF,30,44,127,20,40,18,0,4,25,13,23,.315
Cam Gallagher,KC,C,27,45,126,14,30,7,0,3,12,11,28,.238
Odubel Herrera,PHI,OF,28,39,126,12,28,10,1,1,16,11,33,.222
DJ Stewart,BAL,OF,26,44,126,15,30,6,0,4,15,14,26,.238
Asdrubal Cabrera,WAS,2B,34,38,124,24,40,10,1,6,40,19,18,.323
Humberto Arteaga,KC,SS,26,41,122,11,24,4,0,0,4,8,28,.197
Adam Duvall,ATL,OF,31,41,120,17,32,4,1,10,19,7,39,.267
Jose Trevino,TEX,C,27,40,120,18,31,9,0,2,13,3,27,.258
Luke Maile,TOR,C,29,45,119,9,18,2,1,2,9,8,33,.151
Brad Miller,PHI,3B,30,66,118,22,31,3,1,12,21,11,35,.263
Joey Rickard,BAL,OF,28,42,118,10,24,7,2,2,6,14,33,.203
Nick Solak,TEX,DH,25,33,116,19,34,6,1,5,17,15,29,.293
Bryan Holaday,MIA,C,32,43,115,12,32,6,0,4,12,11,21,.278
Sean Rodriguez,PHI,3B,34,76,112,24,25,5,0,4,12,19,41,.223
Jake Rogers,DET,C,24,35,112,11,14,3,0,4,8,13,51,.125
Tim Lopes,SEA,OF,25,41,111,11,30,7,0,1,12,15,29,.270
Eric Sogard,TB,2B,33,37,109,14,29,6,0,3,10,9,16,.266
Francisco Cervelli,PIT,C,34,34,109,11,21,3,0,1,5,9,31,.193
Kendrys Morales,OAK,1B,36,34,108,9,22,1,1,1,7,14,20,.204
Roman Quinn,PHI,OF,26,44,108,18,23,3,1,4,11,12,34,.213
Myles Straw,HOU,SS,25,56,108,27,29,4,2,0,7,19,24,.269
Freddy Galvis,CIN,2B,30,32,107,12,25,4,0,5,16,7,33,.234
Nick Williams,PHI,OF,26,67,106,9,16,4,0,2,5,4,43,.151
Rosell Herrera,MIA,OF,27,63,105,10,21,6,0,2,11,11,27,.200
Carlos Gonzalez,CLE,OF,34,30,105,13,22,1,0,2,7,10,33,.210
Lucas Duda,KC,1B,34,39,105,7,18,4,0,4,15,11,32,.171
Mauricio Dubon,SF,2B,25,28,104,12,29,5,0,4,9,5,19,.279
Keon Broxton,BAL,OF,29,37,103,14,21,3,0,4,9,8,49,.204
Jace Peterson,BAL,OF,29,29,100,14,22,3,1,2,11,6,24,.220
Willi Castro,DET,SS,22,30,100,10,23,6,1,1,8,6,34,.230
Reese McGuire,TOR,C,25,30,97,14,29,7,0,5,11,7,18,.299
Zack Cozart,LAA,3B,34,38,97,4,12,2,0,0,7,5,16,.124
Yonathan Daza,COL,OF,26,44,97,7,20,1,1,0,3,7,21,.206
Cory Spangenberg,MIL,2B,28,32,95,11,22,2,2,2,10,6,36,.232
Joe Panik,NYM,2B,29,39,94,17,26,4,1,2,12,7,9,.277
Tyler Wade,NYY,2B,25,43,94,16,23,3,1,2,11,11,28,.245
Derek Fisher,TOR,OF,26,40,93,14,15,2,0,6,12,14,43,.161
Jesus Aguilar,TB,1B,29,37,92,13,24,3,0,4,16,12,22,.261
Max Stassi,HOU,C,28,31,90,4,15,1,0,1,3,7,34,.167
Steve Pearce,BOS,1B,36,29,89,9,16,4,0,1,9,7,31,.180
Rafael Ortega,ATL,OF,28,34,88,7,18,3,0,2,10,8,22,.205
Michael Taylor,WAS,OF,28,53,88,10,22,7,0,1,3,7,34,.250
Carlos Gomez,NYM,OF,34,34,86,10,17,3,0,3,10,7,30,.198
Gerardo Parra,SF,OF,32,30,86,8,17,3,0,1,6,8,18,.198
Zack Collins,CWS,DH,25,27,86,10,16,3,1,3,12,14,39,.186
Daniel Palka,CWS,OF,28,30,84,4,9,0,0,2,4,8,35,.107
Martin Maldonado,HOU,C,33,27,84,20,17,4,0,6,10,13,26,.202
Cesar Puello,MIA,OF,28,32,84,8,15,2,0,1,6,7,30,.179
Chris Herrmann,OAK,C,32,30,84,9,17,3,0,1,8,9,29,.202
Wilfredo Tovar,LAA,SS,28,31,83,5,16,5,0,0,5,5,15,.193
Jonathan Davis,TOR,OF,27,37,83,8,15,1,0,2,6,5,24,.181
Nick Martini,SD,OF,29,26,82,7,20,4,1,0,5,12,21,.244
Tony Kemp,CHC,2B,28,44,82,8,15,3,2,1,12,7,18,.183
Scott Schebler,CIN,OF,29,30,81,11,10,2,0,2,7,14,27,.123
Pat Valaika,COL,2B,27,40,79,11,15,5,1,1,4,7,34,.190
Jared Walsh,LAA,1B,26,34,79,6,16,5,1,1,5,6,35,.203
Nico Hoerner,CHC,SS,22,20,78,13,22,1,1,3,17,3,11,.282
Abraham Toro,HOU,3B,23,25,78,13,17,3,2,2,9,9,19,.218
Sam Hilliard,COL,OF,26,27,77,13,21,4,2,7,13,9,23,.273
Mac Williamson,SEA,OF,29,25,77,10,14,0,0,3,10,9,26,.182
Brendan Rodgers,COL,2B,23,25,76,8,17,2,0,0,7,4,27,.224
Ryan McBroom,KC,OF,27,23,75,8,22,5,0,0,6,7,25,.293
Tim Federowicz,TEX,C,32,29,75,6,12,2,0,4,7,5,31,.160
Scott Heineman,TEX,OF,27,25,75,8,16,6,0,2,7,9,20,.213
Gavin Lux,LAD,2B,22,23,75,12,18,4,1,2,9,7,24,.240
Seth Brown,OAK,OF,27,26,75,11,22,8,2,0,13,7,23,.293
Richard Urena,TOR,SS,24,30,74,4,18,6,0,0,4,2,23,.243
Yu Chang,CLE,3B,24,28,73,8,13,2,1,1,6,11,22,.178
Yangervis Solarte,SF,2B,32,28,73,9,15,5,0,1,7,4,16,.205
Yonder Alonso,COL,1B,32,54,73,11,19,7,0,3,10,10,17,.260
Kelvin Gutierrez,KC,3B,25,20,73,4,19,2,1,1,11,5,24,.260
Robel Garcia,CHC,2B,26,31,72,8,15,2,2,5,11,7,35,.208
Matt Skole,CWS,DH,30,27,72,7,15,2,0,0,6,7,31,.208
Kevin Cron,ARI,1B,27,39,71,12,15,4,0,6,16,4,28,.211
Kyle Lewis,SEA,OF,24,18,71,10,19,5,0,6,13,3,29,.268
Austin Wynns,BAL,C,29,28,70,8,15,1,0,1,5,3,14,.214
Nick Hundley,OAK,C,36,31,70,5,14,3,1,2,5,2,18,.200
Scooter Gennett,CIN,2B,29,21,69,4,15,3,0,0,5,1,20,.217
Dustin Garneau,LAA,C,32,28,69,11,16,3,0,2,7,8,18,.232
Austin Hays,BAL,OF,24,21,68,12,21,6,0,4,13,7,13,.309
Kyle Tucker,HOU,OF,23,22,67,15,18,6,0,4,11,4,20,.269
Blake Swihart,ARI,OF,27,31,66,9,9,0,0,3,9,4,29,.136
Phil Gosselin,PHI,OF,31,44,65,5,17,3,0,0,7,3,16,.262
Tyler Saladino,MIL,SS,30,28,65,7,8,0,0,2,8,5,26,.123
Brett Phillips,KC,OF,25,30,65,7,9,2,0,2,6,10,23,.138
Austin Allen,SD,C,26,34,65,4,14,4,0,0,3,6,21,.215
Scooter Gennett,SF,2B,29,21,64,11,15,4,0,2,6,1,21,.234
Thairo Estrada,NYY,2B,24,35,64,12,16,3,0,3,12,3,15,.250
Cedric Mullins,BAL,OF,25,22,64,7,6,0,2,0,4,4,14,.094
Jack Mayfield,HOU,SS,29,26,64,8,10,5,0,2,5,1,16,.156
Nicky Delmonico,CWS,OF,27,21,63,6,13,2,0,1,6,4,25,.206
John Ryan Murphy,ARI,C,28,25,62,9,11,3,0,4,7,6,28,.177
Kendrys Morales,NYY,1B,36,19,62,7,11,1,0,1,5,12,6,.177
Jesus Sucre,BAL,C,31,21,62,3,13,2,0,0,3,4,13,.210
Adeiny Hechavarria,ATL,SS,30,24,61,14,20,5,1,4,15,6,15,.328
Luis Guillorme,NYM,2B,25,45,61,8,15,4,0,1,3,7,14,.246
Matt Kemp,CIN,OF,35,20,60,4,12,2,0,1,5,1,19,.200
Yadiel Rivera,MIA,SS,27,34,60,8,11,2,0,0,3,6,20,.183
Giancarlo Stanton,NYY,OF,30,18,59,8,17,3,0,3,13,12,24,.288
Franklin Barreto,OAK,2B,24,23,57,6,7,2,0,2,5,1,23,.123
Braden Bishop,SEA,OF,26,27,56,3,6,0,0,0,4,3,21,.107
Jedd Gyorko,STL,3B,31,38,56,5,11,0,0,2,7,6,14,.196
LaMonte Wade,MIN,OF,26,26,56,10,11,2,1,2,5,11,9,.196
Sheldon Neuse,OAK,2B,25,25,56,3,14,3,0,0,7,4,19,.250
Kyle Higashioka,NYY,C,29,18,56,8,12,5,0,3,11,0,26,.214
Nick Dini,KC,C,26,20,56,11,11,3,0,2,6,4,18,.196
Josh Fuentes,COL,1B,27,24,55,8,12,1,0,3,7,1,20,.218
Isaac Galloway,MIA,OF,30,19,54,6,9,1,0,0,1,0,17,.167
Kris Negron,LAD,OF,34,30,54,9,14,1,0,2,7,3,17,.259
Jonathan Lucroy,CHC,C,33,27,53,2,10,2,0,1,6,6,12,.189
Derek Fisher,HOU,OF,26,17,53,9,12,2,1,1,5,7,14,.226
Andrew Knizner,STL,C,25,18,53,7,12,2,0,2,7,4,14,.226
Sean Murphy,OAK,C,25,20,53,14,13,5,0,4,8,6,16,.245
Keon Broxton,SEA,OF,29,29,52,5,6,0,0,2,5,8,33,.115
Mac Williamson,SF,OF,29,15,51,3,6,1,0,1,7,5,18,.118
Terrance Gore,KC,OF,28,37,51,13,14,2,1,0,1,6,18,.275
Christian Arroyo,TB,3B,24,16,50,8,11,2,0,2,7,5,18,.220
Joey Rickard,SF,OF,28,26,50,4,14,2,0,1,4,4,17,.280
Anthony Bemboom,LAA,C,30,22,49,2,5,0,0,1,3,1,19,.102
Keon Broxton,NYM,OF,29,34,49,5,7,1,0,0,2,4,22,.143
Gorkys Hernandez,BOS,OF,32,20,49,5,7,1,2,0,2,5,14,.143
Hanley Ramirez,CLE,DH,36,16,49,4,9,1,0,2,8,8,17,.184
Chad Wallach,MIA,C,28,19,48,4,12,3,0,1,3,6,12,.250
Kyle Garlick,LAD,OF,28,30,48,8,12,4,0,3,6,5,19,.250
Edwin Rios,LAD,1B,25,28,47,10,13,2,1,4,8,9,21,.277
J.B. Shuck,PIT,OF,32,27,47,4,10,0,1,0,2,8,10,.213
Jake Elmore,PIT,OF,32,20,47,3,10,1,0,0,4,2,8,.213
Miguel Andujar,NYY,DH,25,12,47,1,6,0,0,0,1,1,11,.128
Michael Perez,TB,C,27,22,46,6,10,5,0,0,2,8,19,.217
Bobby Bradley,CLE,DH,23,15,45,4,8,5,0,1,4,4,20,.178
Chris Owings,BOS,2B,28,26,45,4,7,2,0,1,5,6,23,.156
Bobby Wilson,DET,C,36,15,44,2,4,1,0,0,2,2,11,.091
Peter Bourjos,LAA,OF,32,26,44,4,4,1,0,0,2,1,15,.091
AJ Reed,CWS,DH,26,14,44,1,6,0,0,1,4,4,21,.136
Dustin Peterson,DET,OF,25,17,44,3,10,4,0,0,6,2,14,.227
Alen Hanson,TOR,2B,27,18,43,5,7,0,0,0,4,3,17,.163
Drew Butera,COL,C,36,16,43,6,7,3,0,0,3,4,14,.163
Max Stassi,LAA,C,28,20,42,3,3,0,0,0,2,5,15,.071
Peter O'Brien,MIA,OF,29,14,42,2,7,1,0,1,4,4,19,.167
Aramis Garcia,SF,C,27,18,42,5,6,1,0,2,5,4,21,.143
Taylor Ward,LAA,OF,26,20,42,4,8,3,0,1,2,6,23,.190
Kevin Kramer,PIT,OF,26,22,42,5,7,1,0,0,5,6,17,.167
Jaylin Davis,SF,OF,25,17,42,2,7,0,0,1,3,3,11,.167
Brian O'Grady,CIN,OF,27,28,42,4,8,2,1,2,3,4,17,.190
Eric Stamets,CLE,SS,28,15,41,4,2,1,0,0,2,5,24,.049
Billy Hamilton,ATL,OF,29,26,41,9,11,2,0,0,3,7,13,.268
Cesar Puello,LAA,OF,28,12,41,6,16,3,0,3,12,3,8,.390
Carlos Gonzalez,CHC,OF,34,15,40,8,7,2,0,1,3,8,19,.175
Magneuris Sierra,MIA,OF,23,15,40,5,14,1,1,0,1,2,7,.350
Jake Fraley,SEA,OF,24,12,40,3,6,2,0,0,1,0,14,.150
Carter Kieboom,WAS,SS,22,11,39,4,5,0,0,2,2,4,16,.128
Danny Mendick,CWS,SS,26,16,39,6,12,0,0,2,4,1,11,.308
Socrates Brito,TOR,OF,27,17,39,5,3,0,1,0,2,4,17,.077
Dom Nunez,COL,C,25,16,39,4,7,3,0,2,4,3,17,.179
Rangel Ravelo,STL,1B,27,29,39,4,8,2,0,2,7,3,12,.205
Caleb Joseph,ARI,C,33,20,38,5,8,2,0,0,3,1,10,.211
Lane Thomas,STL,OF,24,34,38,6,12,0,1,4,12,4,8,.316
Corban Joseph,OAK,2B,31,11,37,4,7,2,0,1,5,2,5,.189
Jedd Gyorko,LAD,3B,31,24,36,1,5,1,0,0,2,3,10,.139
Brad Miller,CLE,3B,30,13,36,4,9,3,0,1,4,4,10,.250
Mark Zagunis,CHC,OF,27,30,36,2,9,3,0,0,5,4,16,.250
Alex Blandino,CIN,2B,27,23,36,6,9,1,0,1,3,10,14,.250
Michael Hermosillo,LAA,OF,25,18,36,7,5,1,1,0,3,5,19,.139
Jason Martin,PIT,OF,24,20,36,5,9,2,0,0,2,4,10,.250
Garrett Stubbs,HOU,C,26,19,35,8,7,3,0,0,2,4,7,.200
Greg Bird,NYY,1B,27,10,35,6,6,0,0,1,1,6,16,.171
Logan Morrison,PHI,1B,32,29,35,5,7,1,0,2,3,3,10,.200
Erik Kratz,SF,C,39,15,32,1,4,2,0,1,3,2,6,.125
Francisco Cervelli,ATL,C,34,14,32,4,9,5,1,2,7,4,10,.281
Breyvic Valera,NYY,2B,28,12,32,5,7,1,1,0,3,4,5,.219
Max Moroff,CLE,2B,26,20,32,3,4,1,0,1,4,2,16,.125
Abraham Almonte,ARI,OF,30,17,31,11,9,3,1,1,4,7,8,.290
Aaron Altherr,NYM,OF,29,26,31,6,4,1,0,1,2,2,15,.129
Adrian Sanchez,WAS,3B,29,28,31,3,7,0,0,0,1,1,10,.226
Mason Williams,BAL,OF,28,11,30,4,8,1,0,0,2,3,6,.267
Andrew Stevenson,WAS,OF,25,30,30,4,11,1,1,0,0,6,11,.367
Seth Mejias-Brean,SD,1B,28,14,30,3,7,2,0,2,5,3,9,.233
Aaron Altherr,PHI,OF,29,22,29,2,1,1,0,0,1,1,9,.034
Mark Trumbo,BAL,DH,34,12,29,1,5,3,0,0,3,2,5,.172
Anthony Alford,TOR,OF,25,16,28,3,5,0,0,1,1,1,11,.179
Patrick Wisdom,TEX,1B,28,9,26,1,4,1,0,0,1,1,15,.154
Blake Swihart,BOS,OF,27,12,26,4,6,1,0,1,4,2,7,.231
Kaleb Cowart,LAA,3B,27,9,25,1,4,3,0,0,1,1,7,.160
Rajai Davis,NYM,OF,39,29,25,4,5,2,0,1,8,1,5,.200
Domingo Leyba,ARI,2B,24,21,25,6,7,2,1,0,5,4,9,.280
Mike Gerber,SF,OF,27,12,24,0,1,1,0,0,0,2,15,.042
Ryan Court,SEA,1B,31,12,24,1,5,1,0,1,5,1,11,.208
Beau Taylor,OAK,C,30,10,23,3,4,0,0,2,2,4,6,.174
Kris Negron,SEA,OF,34,10,23,3,5,0,0,0,1,2,9,.217
Travis d'Arnaud,NYM,C,31,10,23,2,2,0,0,0,2,2,5,.087
Ryan LaMarre,MIN,OF,31,14,23,3,5,0,0,2,3,3,5,.217
Mikie Mahtook,DET,OF,30,9,23,0,0,0,0,0,0,2,11,.000
Cristhian Adames,SF,2B,28,10,22,1,7,1,0,0,2,2,8,.318
Travis Jankowski,SD,OF,28,25,22,4,4,0,0,0,0,2,4,.182
Tyler White,LAD,1B,29,12,22,2,1,0,0,0,2,4,4,.045
Erick Mejia,KC,OF,25,9,22,3,5,1,0,0,4,4,7,.227
Ryan Flaherty,CLE,3B,33,14,21,4,3,2,0,0,1,0,7,.143
Dustin Pedroia,BOS,2B,36,6,20,1,2,0,0,0,1,1,2,.100
Tzu-Wei Lin,BOS,2B,26,13,20,3,4,2,0,0,1,2,6,.200
Jorge Bonifacio,KC,OF,26,5,20,3,7,3,0,0,3,1,7,.350
Tyler Austin,MIL,1B,28,17,20,5,4,2,0,1,4,6,7,.200
Randy Arozarena,STL,OF,25,19,20,4,6,1,0,1,2,2,4,.300
Alex Dickerson,SD,OF,29,12,19,1,3,0,0,0,2,0,7,.158
Ryan Lavarnway,CIN,C,32,5,18,4,5,2,0,2,7,1,5,.278
Chris Shaw,SF,1B,25,16,18,0,1,0,0,0,0,2,8,.056
Juan Graterol,CIN,C,31,6,18,1,4,0,0,0,1,0,4,.222
Taylor Davis,CHC,C,30,7,18,2,3,0,0,1,4,2,4,.167
Ian Miller,MIN,OF,28,12,17,2,3,1,0,0,1,0,3,.176
Dustin Garneau,OAK,C,32,7,17,3,5,2,0,1,7,2,4,.294
Jose Pirela,PHI,OF,30,12,17,1,4,1,0,1,2,2,4,.235
Erik Kratz,TB,C,39,6,17,0,1,0,0,0,0,0,8,.059
Rene Rivera,NYM,C,36,9,17,2,4,0,0,1,3,3,4,.235
Corban Joseph,SF,2B,31,8,16,0,1,0,0,0,2,1,6,.063
Kevin Pillar,TOR,OF,31,5,16,1,1,0,0,0,1,0,3,.063
Ronald Torreyes,MIN,SS,27,7,16,3,3,0,0,0,1,0,3,.188
Eric Haase,CLE,C,27,10,16,1,1,0,0,1,3,1,8,.063
Donovan Walton,SEA,SS,25,7,16,2,3,0,0,0,2,3,5,.188
Frank Schwindel,KC,1B,27,6,15,0,1,0,0,0,0,0,2,.067
Breyvic Valera,TOR,2B,28,5,15,2,4,1,0,1,3,0,2,.267
Connor Joe,SF,OF,27,8,15,1,1,0,0,0,0,1,5,.067
Juan Centeno,BOS,C,30,7,15,0,2,0,0,0,2,2,2,.133
Franchy Cordero,SD,OF,25,9,15,2,5,1,0,0,1,4,7,.333
Rocky Gale,LAD,C,32,5,15,1,2,0,0,0,0,0,7,.133
Kean Wong,TB,2B,24,6,14,1,3,0,0,0,0,0,5,.214
Luis Torrens,SD,C,23,7,14,2,3,1,0,0,0,2,6,.214
Zach Green,SF,3B,26,8,14,1,2,1,0,0,1,2,6,.143
David Freitas,MIL,C,30,16,13,1,1,0,0,0,0,3,5,.077
Alex Jackson,ATL,C,24,4,13,0,0,0,0,0,0,1,5,.000
Bradley Zimmer,CLE,OF,27,9,13,1,0,0,0,0,0,1,7,.000
Andrew Velazquez,TB,2B,25,10,12,2,1,1,0,0,0,0,6,.083
Jarrett Parker,LAA,OF,31,5,12,1,0,0,0,0,0,3,8,.000
Seby Zavala,CWS,C,26,5,12,1,1,0,0,0,0,0,9,.083
Jake Noll,WAS,1B,26,8,12,1,2,1,0,0,2,1,4,.167
Raudy Read,WAS,C,26,6,11,0,1,0,0,0,0,0,5,.091
Nick Martini,OAK,OF,29,6,11,1,1,0,0,1,2,2,5,.091
Corban Joseph,PIT,2B,31,9,11,1,2,1,0,0,0,0,1,.182
Troy Tulowitzki,NYY,SS,35,5,11,1,2,1,0,1,1,2,4,.182
Andrew Velazquez,CLE,2B,25,5,11,1,1,1,0,0,0,1,7,.091
Tyler Heineman,MIA,C,28,5,11,1,3,1,0,1,2,0,4,.273
Martin Maldonado,CHC,C,33,4,11,0,0,0,0,0,0,2,5,.000
Tyrone Taylor,MIL,OF,26,15,10,1,4,2,0,0,1,1,1,.400
Skye Bolt,OAK,OF,26,5,10,1,1,1,0,0,0,1,3,.100
Steve Baron,PIT,C,29,7,10,0,2,1,0,0,1,0,6,.200
Ruben Tejada,NYM,SS,30,6,9,1,0,0,0,0,0,0,3,.000
Deivy Grullon,PHI,C,24,4,9,0,1,1,0,0,1,0,2,.111
Michael Reed,SF,OF,27,4,8,0,0,0,0,0,0,0,6,.000
Edmundo Sosa,STL,2B,24,8,8,2,2,0,0,0,0,1,2,.250
Wilkin Castillo,MIA,C,35,2,7,0,1,1,0,0,2,0,3,.143
Jed Lowrie,NYM,2B,35,9,7,0,0,0,0,0,0,1,4,.000
Drew Robinson,STL,OF,27,5,7,1,1,0,0,0,0,0,3,.143
Abiatal Avelino,SF,SS,25,4,7,0,2,0,0,0,1,1,3,.286
Christian Colon,CIN,2B,30,8,6,1,3,0,0,0,1,0,0,.500
Jacob Nottingham,MIL,C,24,9,6,1,2,0,0,1,4,0,2,.333
Nick Ciuffo,TB,C,25,3,6,0,1,0,0,0,0,0,3,.167
Yasmany Tomas,ARI,DH,29,4,6,0,0,0,0,0,0,0,3,.000
Jose Pirela,SD,OF,30,2,5,0,0,0,0,0,0,0,3,.000
Deven Marrero,MIA,SS,29,5,5,0,0,0,0,0,0,0,3,.000
Jim Adduci,CHC,OF,34,2,5,0,0,0,0,0,0,0,3,.000
Ichiro Suzuki,SEA,OF,46,2,5,0,0,0,0,0,0,1,1,.000
Anthony Bemboom,TB,C,30,3,5,0,2,1,0,0,1,0,2,.400
Johnny Davis,TB,OF,29,8,4,5,1,0,1,0,0,0,2,.250
Sam Haggerty,NYM,2B,25,11,4,2,0,0,0,0,0,0,3,.000
Tyler Austin,MIN,1B,28,2,4,1,1,1,0,0,0,1,3,.250
Kean Wong,LAA,2B,24,1,4,1,0,0,0,0,0,0,1,.000
Drew Jackson,BAL,OF,26,3,3,0,0,0,0,0,0,1,1,.000
Mauricio Dubon,MIL,2B,25,2,2,0,0,0,0,0,0,0,1,.000
David Freitas,SEA,C,30,1,2,1,0,0,0,0,1,1,0,.000
Beau Taylor,TOR,C,30,1,2,0,0,0,0,0,0,0,1,.000
Mitch Walding,PHI,3B,27,2,2,0,0,0,0,0,0,0,2,.000
Noel Cuevas,COL,OF,28,1,2,0,0,0,0,0,0,0,0,.000
Tres Barrera,WAS,C,25,2,2,0,0,0,0,0,0,0,0,.000
Joe Hudson,STL,C,28,1,1,0,0,0,0,0,0,0,1,.000
Dylan Cozens,PHI,OF,25,1,1,0,0,0,0,0,0,0,0,.000
Jose Rondon,BAL,2B,26,1,1,0,0,0,0,0,0,0,0,.000
Travis d'Arnaud,LAD,C,31,1,1,0,0,0,0,0,0,0,0,.000
Aaron Altherr,SF,OF,29,1,1,0,0,0,0,0,0,0,1,.000
Rob Brantly,PHI,C,30,1,1,0,0,0,0,0,0,0,1,.000
John Ryan Murphy,ATL,C,28,1,1,0,0,0,0,0,0,0,0,.000
